<application>
  <component name="UISettings">
    <option name="ANIMATE_WINDOWS" value="false" />
    <option name="COLOR_BLINDNESS" value="deuteranopia" />
    <option name="HIDE_KNOWN_EXTENSION_IN_TABS" value="true" />
    <option name="SHOW_EDITOR_TOOLTIP" value="false" />
    <option name="SHOW_NAVIGATION_BAR_MEMBERS" value="false" />
    <option name="SHOW_MEMORY_INDICATOR" value="true" />
    <option name="SHOW_NAVIGATION_BAR" value="false" />
    <option name="SHOW_STATUS_BAR" value="false" />
    <option name="SHOW_TABS_TOOLTIPS" value="false" />
    <option name="SHOW_TOOL_WINDOW_NUMBERS" value="false" />
  </component>
</application>