<application>
  <component name="UpdatesConfigurable">
    <option name="CHECK_NEEDED" value="false" />
    <ignoredBuildNumbers>
      <item value="192.5728.108" />
      <item value="192.6262.66" />
      <item value="192.6603.42" />
      <item value="192.6817.20" />
      <item value="192.7142.41" />
      <item value="192.7142.51" />
      <item value="193.5233.101" />
      <item value="193.5662.63" />
    </ignoredBuildNumbers>
    <option name="LAST_BUILD_CHECKED" value="PS-201.7223.96" />
    <option name="LAST_TIME_CHECKED" value="1592197880331" />
    <option name="THIRD_PARTY_PLUGINS_ALLOWED" value="true" />
  </component>
</application>