<application>
  <component name="AppStorage">
    <histories>
      <item value=" Method separator color" />
      <item value="备注" />
      <item value="赔偿费用" />
      <item value="Refund" />
      <item value="退费" />
      <item value="医疗" />
      <item value="费用" />
      <item value="医疗费用" />
      <item value="医疗花费" />
      <item value="挂床天数" />
      <item value="护理天数" />
      <item value="住院天数" />
      <item value="亏损" />
      <item value="剩余" />
      <item value="结余" />
      <item value="花费" />
      <item value="保险" />
      <item value="三者车损" />
      <item value="车损" />
      <item value="负责任" />
      <item value="责任" />
      <item value="责任认定" />
      <item value="性质" />
      <item value="事故性质" />
      <item value="事故" />
      <item value="accident info" />
      <item value="receiver id" />
    </histories>
    <option name="languageScores">
      <map>
        <entry key="CHINESE" value="3" />
        <entry key="ENGLISH" value="3" />
      </map>
    </option>
  </component>
  <component name="Settings">
    <option name="ignoreRegExp" value="" />
  </component>
</application>